{"cameraMode":{"drawMode":0,"name":"Shaded","section":"Shading Mode"},"sceneLighting":false,"audioPlay":false,"sceneViewState":{"m_AlwaysRefresh":false,"showFog":true,"showSkybox":false,"showFlares":true,"showImageEffects":true,"showParticleSystems":true,"showVisualEffectGraphs":true,"m_FxEnabled":true},"in2DMode":false,"pivot":{"x":-0.00009012222290039063,"y":0.926318347454071,"z":0.3584824800491333},"rotation":{"x":0.36442074179649355,"y":0.6044538617134094,"z":-0.3615879714488983,"w":0.6091827750205994},"size":0.8660253882408142,"orthographic":false}